id,title,employer,location,contract_number,start_date,end_date,description,requirements
1,Abogado laboral,Mayol y asociados S.A.,Valencia,CINT-9594-MX,2023-09-07,2024-07-29,Búsqueda de Abogado laboral para tareas relacionadas con el área laboral. Supervisión de procesos y control de calidad de datos. Atención y asesoramiento a empresas y trabajadores. Se requiere experiencia mínima de 2 años. Valorable titulación universitaria.,nlp; python; sql
2,Técnico de sistemas,Paredes y asociados S.A.,Teruel,CINT-7708-PA,2023-05-17,2024-03-20,Búsqueda de Técnico de sistemas para tareas relacionadas con el área laboral. Soporte técnico a plataformas digitales internas. Análisis de datos y elaboración de informes estadísticos. Capacidad de trabajo en equipo y comunicación. Valorable titulación universitaria.,gestion documental; python; nlp
3,Analista de datos,Farmaceútica HDB S.A.,Cáceres,CINT-6407-MX,2019-09-07,2022-12-05,Búsqueda de Analista de datos para tareas relacionadas con el área laboral. Atención y asesoramiento a empresas y trabajadores. Análisis de datos y elaboración de informes estadísticos. Conocimientos de normativa laboral. Se requiere experiencia mínima de 2 años.,analisis estadistico; python; sql
4,Analista de datos,Tecnologías del Noroeste S.Com.,Granada,CINT-5678-PA,2024-03-26,2025-11-04,Búsqueda de Analista de datos para tareas relacionadas con el área laboral. Supervisión de procesos y control de calidad de datos. Gestión de documentación sindical y contratos colectivos. Capacidad de trabajo en equipo y comunicación. Se valorará experiencia con Python y bases de datos.,sql; gestion documental; python
5,Responsable de RRHH,Montenegro & Asociados S.Com.,Cádiz,CINT-9456-PA,2020-04-28,2023-08-06,Búsqueda de Responsable de RRHH para tareas relacionadas con el área laboral. Atención y asesoramiento a empresas y trabajadores. Gestión de documentación sindical y contratos colectivos. Capacidad de trabajo en equipo y comunicación. Valorable titulación universitaria.,nlp; gestion documental; sql
6,Analista de datos,María José Menendez Sierra S.A.,Sevilla,CINT-2354-MX,2024-02-27,2024-04-20,Búsqueda de Analista de datos para tareas relacionadas con el área laboral. Soporte técnico a plataformas digitales internas. Análisis de datos y elaboración de informes estadísticos. Se requiere experiencia mínima de 2 años. Se valorará experiencia con Python y bases de datos.,gestion documental; analisis estadistico; excel avanzado
7,Economista,Modesta Gibert Coca S.A.,Almería,CINT-9150-MX,2021-09-25,2025-04-12,Búsqueda de Economista para tareas relacionadas con el área laboral. Análisis de datos y elaboración de informes estadísticos. Atención y asesoramiento a empresas y trabajadores. Se valorará experiencia con Python y bases de datos. Conocimientos de normativa laboral.,excel avanzado; nlp; analisis estadistico
8,Técnico de sistemas,Yésica Lucas Soto S.Com.,Ciudad,CINT-5017-PA,2024-04-12,2024-05-09,Búsqueda de Técnico de sistemas para tareas relacionadas con el área laboral. Soporte técnico a plataformas digitales internas. Gestión de documentación sindical y contratos colectivos. Capacidad de trabajo en equipo y comunicación. Se valorará experiencia con Python y bases de datos.,python; excel avanzado; sql
9,Abogado laboral,Transportes Coll S.Coop.,Soria,CINT-1080-MX,2021-08-16,2024-10-21,Búsqueda de Abogado laboral para tareas relacionadas con el área laboral. Soporte técnico a plataformas digitales internas. Atención y asesoramiento a empresas y trabajadores. Valorable titulación universitaria. Conocimientos de normativa laboral.,nlp; gestion documental; python
10,Ingeniero de software,Finanzas Sevillano S.L.,Salamanca,CINT-9801-MX,2019-09-22,2020-11-10,Búsqueda de Ingeniero de software para tareas relacionadas con el área laboral. Supervisión de procesos y control de calidad de datos. Gestión de documentación sindical y contratos colectivos. Conocimientos de normativa laboral. Valorable titulación universitaria.,sql; excel avanzado; analisis estadistico
11,Técnico de calidad,Bonet y Recio S.A.,Sevilla,CINT-2533-PA,2018-06-03,2022-07-13,Búsqueda de Técnico de calidad para tareas relacionadas con el área laboral. Atención y asesoramiento a empresas y trabajadores. Gestión de documentación sindical y contratos colectivos. Valorable titulación universitaria. Se valorará experiencia con Python y bases de datos.,python; gestion documental; sql
12,Gestor administrativo,Infraestructuras Camps & Asociados S.A.T.,Albacete,CINT-1348-MX,2025-02-22,2025-07-11,Búsqueda de Gestor administrativo para tareas relacionadas con el área laboral. Gestión de documentación sindical y contratos colectivos. Atención y asesoramiento a empresas y trabajadores. Capacidad de trabajo en equipo y comunicación. Se valorará experiencia con Python y bases de datos.,sql; nlp; python
13,Técnico en mantenimiento,Instalaciones del Norte S.Com.,Guipúzcoa,CINT-4560-PA,2025-08-29,2025-11-18,Búsqueda de Técnico en mantenimiento para tareas relacionadas con el área laboral. Supervisión de procesos y control de calidad de datos. Atención y asesoramiento a empresas y trabajadores. Capacidad de trabajo en equipo y comunicación. Valorable titulación universitaria.,nlp; sql; python
14,Técnico de sistemas,Gálvez y Palomares S.L.N.E,Cantabria,CINT-7424-PA,2018-02-11,2018-06-21,Búsqueda de Técnico de sistemas para tareas relacionadas con el área laboral. Análisis de datos y elaboración de informes estadísticos. Supervisión de procesos y control de calidad de datos. Valorable titulación universitaria. Conocimientos de normativa laboral.,excel avanzado; python; sql
15,Analista de datos,Mendez y asociados S.Com.,Guadalajara,CINT-7707-MX,2020-03-06,2024-11-20,Búsqueda de Analista de datos para tareas relacionadas con el área laboral. Supervisión de procesos y control de calidad de datos. Gestión de documentación sindical y contratos colectivos. Se requiere experiencia mínima de 2 años. Se valorará experiencia con Python y bases de datos.,excel avanzado; gestion documental; analisis estadistico
16,Gestor administrativo,Distribuciones Vallejo & Asociados S.Com.,León,CINT-6501-PA,2023-05-09,2025-04-11,Búsqueda de Gestor administrativo para tareas relacionadas con el área laboral. Supervisión de procesos y control de calidad de datos. Análisis de datos y elaboración de informes estadísticos. Conocimientos de normativa laboral. Valorable titulación universitaria.,sql; nlp; gestion documental
17,Abogado laboral,Duran y Jerez S.Com.,Soria,CINT-4516-MX,2021-01-27,2022-04-13,Búsqueda de Abogado laboral para tareas relacionadas con el área laboral. Atención y asesoramiento a empresas y trabajadores. Supervisión de procesos y control de calidad de datos. Valorable titulación universitaria. Se requiere experiencia mínima de 2 años.,analisis estadistico; sql; python
18,Ingeniero de software,Granados & Asociados S.A.,Valencia,CINT-6394-MX,2019-03-10,2023-02-09,Búsqueda de Ingeniero de software para tareas relacionadas con el área laboral. Gestión de documentación sindical y contratos colectivos. Análisis de datos y elaboración de informes estadísticos. Valorable titulación universitaria. Capacidad de trabajo en equipo y comunicación.,python; sql; analisis estadistico
19,Responsable de RRHH,Grupo Nebot S.Coop.,La Rioja,CINT-7625-MX,2025-03-12,2025-10-21,Búsqueda de Responsable de RRHH para tareas relacionadas con el área laboral. Supervisión de procesos y control de calidad de datos. Gestión de documentación sindical y contratos colectivos. Se valorará experiencia con Python y bases de datos. Conocimientos de normativa laboral.,nlp; excel avanzado; gestion documental
20,Responsable de RRHH,Bartolomé Montero Aroca S.L.N.E,Cádiz,CINT-6645-MX,2020-10-20,2022-07-19,Búsqueda de Responsable de RRHH para tareas relacionadas con el área laboral. Supervisión de procesos y control de calidad de datos. Atención y asesoramiento a empresas y trabajadores. Conocimientos de normativa laboral. Se valorará experiencia con Python y bases de datos.,gestion documental; nlp; excel avanzado
21,Analista de datos,Escobar y Álvaro S.A.,Toledo,CINT-7296-MX,2019-03-05,2024-12-31,Búsqueda de Analista de datos para tareas relacionadas con el área laboral. Gestión de documentación sindical y contratos colectivos. Atención y asesoramiento a empresas y trabajadores. Se requiere experiencia mínima de 2 años. Valorable titulación universitaria.,gestion documental; nlp; analisis estadistico
22,Responsable de RRHH,Comercializadora Gomis & Asociados S.L.,Murcia,CINT-4796-PA,2025-12-18,2025-12-29,Búsqueda de Responsable de RRHH para tareas relacionadas con el área laboral. Análisis de datos y elaboración de informes estadísticos. Supervisión de procesos y control de calidad de datos. Se valorará experiencia con Python y bases de datos. Se requiere experiencia mínima de 2 años.,gestion documental; sql; excel avanzado
23,Ingeniero de software,Familia Infante S.A.D,Sevilla,CINT-3947-PA,2022-09-11,2025-02-12,Búsqueda de Ingeniero de software para tareas relacionadas con el área laboral. Gestión de documentación sindical y contratos colectivos. Análisis de datos y elaboración de informes estadísticos. Se requiere experiencia mínima de 2 años. Valorable titulación universitaria.,analisis estadistico; gestion documental; excel avanzado
24,Analista de datos,Pelayo Vazquez Mate S.L.,Zamora,CINT-4698-PA,2018-09-05,2019-08-30,Búsqueda de Analista de datos para tareas relacionadas con el área laboral. Soporte técnico a plataformas digitales internas. Supervisión de procesos y control de calidad de datos. Conocimientos de normativa laboral. Valorable titulación universitaria.,nlp; sql; gestion documental
25,Responsable de RRHH,Yaiza Baeza Aguilar S.C.P,Soria,CINT-3799-PA,2024-02-21,2025-03-31,Búsqueda de Responsable de RRHH para tareas relacionadas con el área laboral. Supervisión de procesos y control de calidad de datos. Gestión de documentación sindical y contratos colectivos. Se requiere experiencia mínima de 2 años. Capacidad de trabajo en equipo y comunicación.,analisis estadistico; python; gestion documental
26,Gestor administrativo,Pascual y asociados S.Coop.,Vizcaya,CINT-7179-MX,2021-11-13,2022-06-11,Búsqueda de Gestor administrativo para tareas relacionadas con el área laboral. Soporte técnico a plataformas digitales internas. Análisis de datos y elaboración de informes estadísticos. Conocimientos de normativa laboral. Capacidad de trabajo en equipo y comunicación.,excel avanzado; gestion documental; analisis estadistico
27,Abogado laboral,Marti y Ángel S.A.,Navarra,CINT-9074-MX,2025-04-29,2025-10-12,Búsqueda de Abogado laboral para tareas relacionadas con el área laboral. Análisis de datos y elaboración de informes estadísticos. Soporte técnico a plataformas digitales internas. Se requiere experiencia mínima de 2 años. Se valorará experiencia con Python y bases de datos.,gestion documental; excel avanzado; sql
28,Inspector de trabajo,Renata Diez Landa S.Com.,Vizcaya,CINT-7417-MX,2024-08-18,2025-10-27,Búsqueda de Inspector de trabajo para tareas relacionadas con el área laboral. Supervisión de procesos y control de calidad de datos. Soporte técnico a plataformas digitales internas. Valorable titulación universitaria. Capacidad de trabajo en equipo y comunicación.,gestion documental; nlp; python
29,Ingeniero de software,Hnos Lledó S.L.,Córdoba,CINT-5925-PA,2025-09-04,2025-12-15,Búsqueda de Ingeniero de software para tareas relacionadas con el área laboral. Análisis de datos y elaboración de informes estadísticos. Supervisión de procesos y control de calidad de datos. Capacidad de trabajo en equipo y comunicación. Se valorará experiencia con Python y bases de datos.,nlp; gestion documental; python
30,Analista de datos,Industrias Torrijos S.Com.,Girona,CINT-1383-MX,2022-05-08,2022-09-09,Búsqueda de Analista de datos para tareas relacionadas con el área laboral. Soporte técnico a plataformas digitales internas. Análisis de datos y elaboración de informes estadísticos. Capacidad de trabajo en equipo y comunicación. Se requiere experiencia mínima de 2 años.,analisis estadistico; gestion documental; sql
31,Gestor administrativo,Alimentación Lorenzo S.Com.,Ourense,CINT-7211-PA,2019-03-30,2019-04-14,Búsqueda de Gestor administrativo para tareas relacionadas con el área laboral. Atención y asesoramiento a empresas y trabajadores. Soporte técnico a plataformas digitales internas. Capacidad de trabajo en equipo y comunicación. Valorable titulación universitaria.,gestion documental; python; excel avanzado
32,Responsable de RRHH,Mendez y asociados S.L.N.E,Teruel,CINT-6067-MX,2025-06-18,2025-06-29,Búsqueda de Responsable de RRHH para tareas relacionadas con el área laboral. Gestión de documentación sindical y contratos colectivos. Atención y asesoramiento a empresas y trabajadores. Conocimientos de normativa laboral. Se valorará experiencia con Python y bases de datos.,excel avanzado; analisis estadistico; nlp
33,Técnico en mantenimiento,Clemente & Asociados S.A.,La Rioja,CINT-6466-MX,2021-08-05,2022-09-06,Búsqueda de Técnico en mantenimiento para tareas relacionadas con el área laboral. Análisis de datos y elaboración de informes estadísticos. Soporte técnico a plataformas digitales internas. Se requiere experiencia mínima de 2 años. Se valorará experiencia con Python y bases de datos.,analisis estadistico; excel avanzado; sql
34,Analista de datos,Despacho Herranz S.Coop.,Ourense,CINT-2012-MX,2018-12-19,2025-10-11,Búsqueda de Analista de datos para tareas relacionadas con el área laboral. Supervisión de procesos y control de calidad de datos. Atención y asesoramiento a empresas y trabajadores. Se requiere experiencia mínima de 2 años. Se valorará experiencia con Python y bases de datos.,nlp; gestion documental; sql
35,Técnico de sistemas,Esparza & Asociados S.Com.,Huesca,CINT-4653-PA,2020-03-17,2024-10-04,Búsqueda de Técnico de sistemas para tareas relacionadas con el área laboral. Soporte técnico a plataformas digitales internas. Atención y asesoramiento a empresas y trabajadores. Se valorará experiencia con Python y bases de datos. Conocimientos de normativa laboral.,python; sql; analisis estadistico
36,Técnico de sistemas,Campo & Asociados S.L.,Lugo,CINT-4451-MX,2025-01-25,2025-10-17,Búsqueda de Técnico de sistemas para tareas relacionadas con el área laboral. Supervisión de procesos y control de calidad de datos. Atención y asesoramiento a empresas y trabajadores. Se valorará experiencia con Python y bases de datos. Se requiere experiencia mínima de 2 años.,python; nlp; excel avanzado
37,Ingeniero de software,Gilabert y asociados S.L.,Santa Cruz de Tenerife,CINT-4001-PA,2019-03-29,2022-03-09,Búsqueda de Ingeniero de software para tareas relacionadas con el área laboral. Análisis de datos y elaboración de informes estadísticos. Supervisión de procesos y control de calidad de datos. Conocimientos de normativa laboral. Se valorará experiencia con Python y bases de datos.,gestion documental; analisis estadistico; python
38,Analista de datos,Hnos Lillo S.Coop.,Cantabria,CINT-6370-MX,2024-02-29,2025-08-04,Búsqueda de Analista de datos para tareas relacionadas con el área laboral. Atención y asesoramiento a empresas y trabajadores. Gestión de documentación sindical y contratos colectivos. Se valorará experiencia con Python y bases de datos. Se requiere experiencia mínima de 2 años.,gestion documental; analisis estadistico; nlp
39,Gestor administrativo,Industrias Tamarit S.L.,Guipúzcoa,CINT-3514-MX,2018-06-09,2024-05-06,Búsqueda de Gestor administrativo para tareas relacionadas con el área laboral. Gestión de documentación sindical y contratos colectivos. Análisis de datos y elaboración de informes estadísticos. Se requiere experiencia mínima de 2 años. Se valorará experiencia con Python y bases de datos.,analisis estadistico; nlp; excel avanzado
40,Gestor administrativo,Banco UA S.Com.,Girona,CINT-8837-PA,2024-04-14,2025-10-01,Búsqueda de Gestor administrativo para tareas relacionadas con el área laboral. Supervisión de procesos y control de calidad de datos. Gestión de documentación sindical y contratos colectivos. Se valorará experiencia con Python y bases de datos. Conocimientos de normativa laboral.,nlp; python; analisis estadistico
41,Ingeniero de software,Arroyo & Asociados S.A.,Córdoba,CINT-4239-MX,2020-01-05,2024-09-24,Búsqueda de Ingeniero de software para tareas relacionadas con el área laboral. Soporte técnico a plataformas digitales internas. Atención y asesoramiento a empresas y trabajadores. Capacidad de trabajo en equipo y comunicación. Valorable titulación universitaria.,gestion documental; nlp; sql
42,Técnico de calidad,Suministros EQE S.Com.,Granada,CINT-1185-MX,2023-01-10,2023-10-22,Búsqueda de Técnico de calidad para tareas relacionadas con el área laboral. Gestión de documentación sindical y contratos colectivos. Análisis de datos y elaboración de informes estadísticos. Se valorará experiencia con Python y bases de datos. Conocimientos de normativa laboral.,excel avanzado; nlp; sql
43,Economista,Amalia Haro Esparza S.Com.,Valladolid,CINT-4824-MX,2022-06-24,2025-01-26,Búsqueda de Economista para tareas relacionadas con el área laboral. Análisis de datos y elaboración de informes estadísticos. Soporte técnico a plataformas digitales internas. Se requiere experiencia mínima de 2 años. Valorable titulación universitaria.,nlp; analisis estadistico; python
44,Inspector de trabajo,Hnos Diéguez S.C.P,Burgos,CINT-8666-MX,2019-12-04,2020-03-04,Búsqueda de Inspector de trabajo para tareas relacionadas con el área laboral. Análisis de datos y elaboración de informes estadísticos. Supervisión de procesos y control de calidad de datos. Capacidad de trabajo en equipo y comunicación. Se valorará experiencia con Python y bases de datos.,analisis estadistico; gestion documental; python
45,Técnico de sistemas,Castelló y Sáez S.Coop.,Toledo,CINT-7642-MX,2020-05-28,2020-09-30,Búsqueda de Técnico de sistemas para tareas relacionadas con el área laboral. Soporte técnico a plataformas digitales internas. Supervisión de procesos y control de calidad de datos. Se requiere experiencia mínima de 2 años. Capacidad de trabajo en equipo y comunicación.,gestion documental; excel avanzado; python
46,Economista,Restauración Ibéricos S.A.U,Burgos,CINT-3974-MX,2024-10-17,2025-01-03,Búsqueda de Economista para tareas relacionadas con el área laboral. Atención y asesoramiento a empresas y trabajadores. Análisis de datos y elaboración de informes estadísticos. Se valorará experiencia con Python y bases de datos. Se requiere experiencia mínima de 2 años.,python; sql; analisis estadistico
47,Responsable de RRHH,Familia Sedano S.L.L.,Palencia,CINT-7121-MX,2022-12-11,2025-06-01,Búsqueda de Responsable de RRHH para tareas relacionadas con el área laboral. Soporte técnico a plataformas digitales internas. Gestión de documentación sindical y contratos colectivos. Conocimientos de normativa laboral. Se requiere experiencia mínima de 2 años.,gestion documental; analisis estadistico; python
48,Ingeniero de software,Pavón y Bauzà S.Coop.,Huelva,CINT-2273-MX,2022-01-12,2023-06-08,Búsqueda de Ingeniero de software para tareas relacionadas con el área laboral. Supervisión de procesos y control de calidad de datos. Soporte técnico a plataformas digitales internas. Se requiere experiencia mínima de 2 años. Conocimientos de normativa laboral.,nlp; analisis estadistico; python
49,Economista,Banco Iborra & Asociados S.L.L.,Cantabria,CINT-4381-PA,2019-10-03,2019-10-11,Búsqueda de Economista para tareas relacionadas con el área laboral. Gestión de documentación sindical y contratos colectivos. Soporte técnico a plataformas digitales internas. Valorable titulación universitaria. Se requiere experiencia mínima de 2 años.,python; analisis estadistico; nlp
50,Técnico en mantenimiento,Iglesias y España S.A.,Granada,CINT-1147-MX,2021-05-22,2024-02-09,Búsqueda de Técnico en mantenimiento para tareas relacionadas con el área laboral. Análisis de datos y elaboración de informes estadísticos. Gestión de documentación sindical y contratos colectivos. Se valorará experiencia con Python y bases de datos. Conocimientos de normativa laboral.,python; gestion documental; sql
51,Responsable de RRHH,Grupo Camacho S.Coop.,Pontevedra,CINT-1743-PA,2022-06-11,2023-03-23,Búsqueda de Responsable de RRHH para tareas relacionadas con el área laboral. Supervisión de procesos y control de calidad de datos. Atención y asesoramiento a empresas y trabajadores. Valorable titulación universitaria. Se valorará experiencia con Python y bases de datos.,nlp; analisis estadistico; excel avanzado
52,Ingeniero de software,Dominga Diaz Macías S.C.P,Huesca,CINT-5533-PA,2021-05-31,2022-11-03,Búsqueda de Ingeniero de software para tareas relacionadas con el área laboral. Atención y asesoramiento a empresas y trabajadores. Gestión de documentación sindical y contratos colectivos. Se valorará experiencia con Python y bases de datos. Se requiere experiencia mínima de 2 años.,nlp; analisis estadistico; excel avanzado
53,Técnico de calidad,Rivero & Asociados S.Com.,Álava,CINT-8275-PA,2022-08-12,2024-11-24,Búsqueda de Técnico de calidad para tareas relacionadas con el área laboral. Soporte técnico a plataformas digitales internas. Supervisión de procesos y control de calidad de datos. Se requiere experiencia mínima de 2 años. Capacidad de trabajo en equipo y comunicación.,gestion documental; python; nlp
54,Economista,Otero y Ávila S.A.,Santa Cruz de Tenerife,CINT-5747-MX,2023-07-25,2023-08-30,Búsqueda de Economista para tareas relacionadas con el área laboral. Supervisión de procesos y control de calidad de datos. Gestión de documentación sindical y contratos colectivos. Conocimientos de normativa laboral. Se requiere experiencia mínima de 2 años.,excel avanzado; python; gestion documental
55,Economista,Fábrica EZ S.A.,Murcia,CINT-5689-MX,2024-09-02,2025-11-29,Búsqueda de Economista para tareas relacionadas con el área laboral. Atención y asesoramiento a empresas y trabajadores. Supervisión de procesos y control de calidad de datos. Conocimientos de normativa laboral. Se valorará experiencia con Python y bases de datos.,python; gestion documental; nlp
56,Técnico de sistemas,Industrias Internacionales S.L.N.E,Álava,CINT-1633-MX,2019-09-02,2021-06-28,Búsqueda de Técnico de sistemas para tareas relacionadas con el área laboral. Soporte técnico a plataformas digitales internas. Gestión de documentación sindical y contratos colectivos. Valorable titulación universitaria. Se requiere experiencia mínima de 2 años.,nlp; analisis estadistico; sql
57,Gestor administrativo,Raya y Rojas S.Coop.,Asturias,CINT-1833-PA,2021-05-14,2025-01-16,Búsqueda de Gestor administrativo para tareas relacionadas con el área laboral. Atención y asesoramiento a empresas y trabajadores. Análisis de datos y elaboración de informes estadísticos. Valorable titulación universitaria. Capacidad de trabajo en equipo y comunicación.,sql; excel avanzado; nlp
58,Responsable de RRHH,Hotel Pineda y asociados S.A.,Guadalajara,CINT-6152-PA,2024-05-01,2025-09-29,Búsqueda de Responsable de RRHH para tareas relacionadas con el área laboral. Atención y asesoramiento a empresas y trabajadores. Análisis de datos y elaboración de informes estadísticos. Valorable titulación universitaria. Se valorará experiencia con Python y bases de datos.,python; excel avanzado; analisis estadistico
59,Técnico de calidad,Talleres Ibéricos S.Com.,Lleida,CINT-4398-MX,2022-02-20,2025-01-31,Búsqueda de Técnico de calidad para tareas relacionadas con el área laboral. Gestión de documentación sindical y contratos colectivos. Análisis de datos y elaboración de informes estadísticos. Valorable titulación universitaria. Capacidad de trabajo en equipo y comunicación.,analisis estadistico; gestion documental; excel avanzado
60,Inspector de trabajo,Aurora Martín Coca S.Coop.,Soria,CINT-9769-MX,2025-03-28,2025-08-07,Búsqueda de Inspector de trabajo para tareas relacionadas con el área laboral. Gestión de documentación sindical y contratos colectivos. Soporte técnico a plataformas digitales internas. Conocimientos de normativa laboral. Valorable titulación universitaria.,gestion documental; python; analisis estadistico
61,Técnico de calidad,Salamanca y Macias S.L.,Guadalajara,CINT-2443-MX,2020-06-10,2022-08-23,Búsqueda de Técnico de calidad para tareas relacionadas con el área laboral. Soporte técnico a plataformas digitales internas. Supervisión de procesos y control de calidad de datos. Capacidad de trabajo en equipo y comunicación. Se valorará experiencia con Python y bases de datos.,nlp; gestion documental; analisis estadistico
62,Técnico en mantenimiento,Compañía Muñoz S.Com.,Melilla,CINT-4788-MX,2023-06-21,2025-10-11,Búsqueda de Técnico en mantenimiento para tareas relacionadas con el área laboral. Soporte técnico a plataformas digitales internas. Análisis de datos y elaboración de informes estadísticos. Valorable titulación universitaria. Capacidad de trabajo en equipo y comunicación.,sql; excel avanzado; python
63,Técnico de calidad,Servicios Ibérica S.Coop.,Pontevedra,CINT-8467-PA,2019-01-27,2024-05-14,Búsqueda de Técnico de calidad para tareas relacionadas con el área laboral. Soporte técnico a plataformas digitales internas. Atención y asesoramiento a empresas y trabajadores. Conocimientos de normativa laboral. Capacidad de trabajo en equipo y comunicación.,analisis estadistico; python; nlp
64,Analista de datos,Pujadas & Asociados S.A.,Valladolid,CINT-3356-PA,2018-11-14,2020-03-27,Búsqueda de Analista de datos para tareas relacionadas con el área laboral. Soporte técnico a plataformas digitales internas. Análisis de datos y elaboración de informes estadísticos. Capacidad de trabajo en equipo y comunicación. Se valorará experiencia con Python y bases de datos.,nlp; gestion documental; sql
65,Responsable de RRHH,Soluciones Ramos S.L.,Almería,CINT-5752-PA,2023-10-08,2023-11-24,Búsqueda de Responsable de RRHH para tareas relacionadas con el área laboral. Supervisión de procesos y control de calidad de datos. Gestión de documentación sindical y contratos colectivos. Se requiere experiencia mínima de 2 años. Capacidad de trabajo en equipo y comunicación.,sql; excel avanzado; python
66,Gestor administrativo,Eugenio Bermejo Casares S.L.,Barcelona,CINT-3428-PA,2023-01-11,2023-11-30,Búsqueda de Gestor administrativo para tareas relacionadas con el área laboral. Análisis de datos y elaboración de informes estadísticos. Soporte técnico a plataformas digitales internas. Capacidad de trabajo en equipo y comunicación. Conocimientos de normativa laboral.,gestion documental; sql; excel avanzado
67,Analista de datos,Desarrollo Boix S.A.,Valencia,CINT-3851-MX,2024-12-25,2025-05-11,Búsqueda de Analista de datos para tareas relacionadas con el área laboral. Supervisión de procesos y control de calidad de datos. Atención y asesoramiento a empresas y trabajadores. Capacidad de trabajo en equipo y comunicación. Conocimientos de normativa laboral.,analisis estadistico; sql; nlp
68,Ingeniero de software,Huerta y Gálvez S.A.,Valladolid,CINT-3757-MX,2024-07-07,2025-09-01,Búsqueda de Ingeniero de software para tareas relacionadas con el área laboral. Gestión de documentación sindical y contratos colectivos. Atención y asesoramiento a empresas y trabajadores. Conocimientos de normativa laboral. Se requiere experiencia mínima de 2 años.,analisis estadistico; sql; nlp
69,Analista de datos,Servicios NC S.L.,Granada,CINT-3411-MX,2023-12-03,2025-10-25,Búsqueda de Analista de datos para tareas relacionadas con el área laboral. Atención y asesoramiento a empresas y trabajadores. Soporte técnico a plataformas digitales internas. Capacidad de trabajo en equipo y comunicación. Conocimientos de normativa laboral.,sql; python; gestion documental
70,Gestor administrativo,Hermanos Mascaró S.Coop.,Valencia,CINT-8302-MX,2019-06-29,2025-05-19,Búsqueda de Gestor administrativo para tareas relacionadas con el área laboral. Soporte técnico a plataformas digitales internas. Supervisión de procesos y control de calidad de datos. Se valorará experiencia con Python y bases de datos. Capacidad de trabajo en equipo y comunicación.,nlp; excel avanzado; gestion documental
71,Abogado laboral,Infraestructuras XYV S.L.,Murcia,CINT-7031-MX,2025-06-04,2025-12-14,Búsqueda de Abogado laboral para tareas relacionadas con el área laboral. Soporte técnico a plataformas digitales internas. Supervisión de procesos y control de calidad de datos. Capacidad de trabajo en equipo y comunicación. Se requiere experiencia mínima de 2 años.,sql; python; nlp
72,Responsable de RRHH,Bernardita Yáñez Calderón S.L.,Lugo,CINT-4848-PA,2021-06-18,2023-05-16,Búsqueda de Responsable de RRHH para tareas relacionadas con el área laboral. Supervisión de procesos y control de calidad de datos. Atención y asesoramiento a empresas y trabajadores. Capacidad de trabajo en equipo y comunicación. Conocimientos de normativa laboral.,gestion documental; nlp; excel avanzado
73,Abogado laboral,Finanzas Peñalver & Asociados S.Com.,Guipúzcoa,CINT-7981-PA,2020-02-03,2022-01-18,Búsqueda de Abogado laboral para tareas relacionadas con el área laboral. Gestión de documentación sindical y contratos colectivos. Soporte técnico a plataformas digitales internas. Capacidad de trabajo en equipo y comunicación. Se requiere experiencia mínima de 2 años.,sql; python; gestion documental
74,Ingeniero de software,Banca Privada Aguirre & Asociados S.Coop.,Zaragoza,CINT-8192-MX,2021-04-17,2023-11-06,Búsqueda de Ingeniero de software para tareas relacionadas con el área laboral. Análisis de datos y elaboración de informes estadísticos. Atención y asesoramiento a empresas y trabajadores. Se valorará experiencia con Python y bases de datos. Se requiere experiencia mínima de 2 años.,analisis estadistico; python; excel avanzado
75,Inspector de trabajo,Construcción Integrales S.A.T.,Álava,CINT-1082-MX,2021-09-15,2022-03-04,Búsqueda de Inspector de trabajo para tareas relacionadas con el área laboral. Análisis de datos y elaboración de informes estadísticos. Gestión de documentación sindical y contratos colectivos. Se requiere experiencia mínima de 2 años. Se valorará experiencia con Python y bases de datos.,excel avanzado; gestion documental; analisis estadistico
76,Gestor administrativo,Claudia Requena Azcona S.A.T.,Guadalajara,CINT-6211-PA,2019-09-27,2020-01-12,Búsqueda de Gestor administrativo para tareas relacionadas con el área laboral. Gestión de documentación sindical y contratos colectivos. Análisis de datos y elaboración de informes estadísticos. Valorable titulación universitaria. Se valorará experiencia con Python y bases de datos.,analisis estadistico; excel avanzado; python
77,Técnico de calidad,Banco Casanovas y asociados S.A.,Guipúzcoa,CINT-1457-PA,2021-08-08,2024-06-20,Búsqueda de Técnico de calidad para tareas relacionadas con el área laboral. Gestión de documentación sindical y contratos colectivos. Supervisión de procesos y control de calidad de datos. Valorable titulación universitaria. Se requiere experiencia mínima de 2 años.,excel avanzado; gestion documental; python
78,Responsable de RRHH,Hermanos Bolaños S.A.,Las Palmas,CINT-6649-PA,2024-11-07,2024-12-24,Búsqueda de Responsable de RRHH para tareas relacionadas con el área laboral. Supervisión de procesos y control de calidad de datos. Atención y asesoramiento a empresas y trabajadores. Se valorará experiencia con Python y bases de datos. Se requiere experiencia mínima de 2 años.,gestion documental; nlp; analisis estadistico
79,Analista de datos,Carmelo Pérez Piñeiro S.L.U.,Palencia,CINT-6381-PA,2022-02-28,2025-07-18,Búsqueda de Analista de datos para tareas relacionadas con el área laboral. Análisis de datos y elaboración de informes estadísticos. Soporte técnico a plataformas digitales internas. Capacidad de trabajo en equipo y comunicación. Conocimientos de normativa laboral.,sql; python; nlp
80,Técnico en mantenimiento,Rosalva Uría Perea S.Coop.,Soria,CINT-8358-MX,2025-06-30,2025-12-07,Búsqueda de Técnico en mantenimiento para tareas relacionadas con el área laboral. Supervisión de procesos y control de calidad de datos. Atención y asesoramiento a empresas y trabajadores. Valorable titulación universitaria. Capacidad de trabajo en equipo y comunicación.,sql; analisis estadistico; python
81,Economista,Arco & Asociados S.L.,Granada,CINT-2117-MX,2019-12-01,2021-09-24,Búsqueda de Economista para tareas relacionadas con el área laboral. Supervisión de procesos y control de calidad de datos. Atención y asesoramiento a empresas y trabajadores. Conocimientos de normativa laboral. Se requiere experiencia mínima de 2 años.,sql; python; analisis estadistico
82,Técnico de sistemas,Segarra y asociados S.A.,Valladolid,CINT-1101-PA,2021-02-17,2024-01-30,Búsqueda de Técnico de sistemas para tareas relacionadas con el área laboral. Soporte técnico a plataformas digitales internas. Atención y asesoramiento a empresas y trabajadores. Se requiere experiencia mínima de 2 años. Se valorará experiencia con Python y bases de datos.,sql; excel avanzado; nlp
83,Inspector de trabajo,Rueda y Calvo S.Com.,Navarra,CINT-4430-MX,2025-06-10,2025-10-12,Búsqueda de Inspector de trabajo para tareas relacionadas con el área laboral. Análisis de datos y elaboración de informes estadísticos. Gestión de documentación sindical y contratos colectivos. Se requiere experiencia mínima de 2 años. Valorable titulación universitaria.,gestion documental; nlp; python
84,Gestor administrativo,Soluciones Internacionales S.A.,Ourense,CINT-5354-PA,2024-09-23,2025-12-24,Búsqueda de Gestor administrativo para tareas relacionadas con el área laboral. Supervisión de procesos y control de calidad de datos. Análisis de datos y elaboración de informes estadísticos. Se valorará experiencia con Python y bases de datos. Valorable titulación universitaria.,nlp; analisis estadistico; gestion documental
85,Técnico en mantenimiento,Minería Alsina & Asociados S.A.,Tarragona,CINT-1615-PA,2022-07-17,2024-03-16,Búsqueda de Técnico en mantenimiento para tareas relacionadas con el área laboral. Atención y asesoramiento a empresas y trabajadores. Análisis de datos y elaboración de informes estadísticos. Se requiere experiencia mínima de 2 años. Se valorará experiencia con Python y bases de datos.,excel avanzado; python; analisis estadistico
86,Economista,Daza & Asociados S.A.,Soria,CINT-2084-MX,2018-07-21,2025-03-31,Búsqueda de Economista para tareas relacionadas con el área laboral. Atención y asesoramiento a empresas y trabajadores. Soporte técnico a plataformas digitales internas. Capacidad de trabajo en equipo y comunicación. Se valorará experiencia con Python y bases de datos.,python; sql; excel avanzado
87,Técnico de calidad,Supermercados Belmonte S.L.,Santa Cruz de Tenerife,CINT-2368-MX,2018-12-22,2025-08-23,Búsqueda de Técnico de calidad para tareas relacionadas con el área laboral. Análisis de datos y elaboración de informes estadísticos. Soporte técnico a plataformas digitales internas. Se valorará experiencia con Python y bases de datos. Conocimientos de normativa laboral.,sql; excel avanzado; nlp
88,Ingeniero de software,Compañía Ramírez S.L.,Asturias,CINT-7159-PA,2024-02-18,2025-02-27,Búsqueda de Ingeniero de software para tareas relacionadas con el área laboral. Supervisión de procesos y control de calidad de datos. Soporte técnico a plataformas digitales internas. Valorable titulación universitaria. Se valorará experiencia con Python y bases de datos.,gestion documental; sql; nlp
89,Abogado laboral,Toro y asociados S.L.N.E,Granada,CINT-1712-MX,2025-11-07,2025-11-16,Búsqueda de Abogado laboral para tareas relacionadas con el área laboral. Soporte técnico a plataformas digitales internas. Atención y asesoramiento a empresas y trabajadores. Se requiere experiencia mínima de 2 años. Capacidad de trabajo en equipo y comunicación.,gestion documental; sql; python
90,Inspector de trabajo,Benítez & Asociados S.L.,Madrid,CINT-7650-MX,2024-07-02,2025-09-26,Búsqueda de Inspector de trabajo para tareas relacionadas con el área laboral. Gestión de documentación sindical y contratos colectivos. Análisis de datos y elaboración de informes estadísticos. Capacidad de trabajo en equipo y comunicación. Se valorará experiencia con Python y bases de datos.,sql; nlp; excel avanzado
91,Abogado laboral,Supermercados del Sur S.L.,Zaragoza,CINT-9392-MX,2020-08-07,2024-11-05,Búsqueda de Abogado laboral para tareas relacionadas con el área laboral. Análisis de datos y elaboración de informes estadísticos. Soporte técnico a plataformas digitales internas. Valorable titulación universitaria. Conocimientos de normativa laboral.,sql; excel avanzado; python
92,Abogado laboral,Desarrollo Barón S.A.,La Coruña,CINT-3166-PA,2018-08-05,2023-03-19,Búsqueda de Abogado laboral para tareas relacionadas con el área laboral. Atención y asesoramiento a empresas y trabajadores. Soporte técnico a plataformas digitales internas. Se requiere experiencia mínima de 2 años. Conocimientos de normativa laboral.,sql; python; excel avanzado
93,Inspector de trabajo,Font y Córdoba S.A.,Alicante,CINT-5613-MX,2023-07-29,2025-01-02,Búsqueda de Inspector de trabajo para tareas relacionadas con el área laboral. Supervisión de procesos y control de calidad de datos. Atención y asesoramiento a empresas y trabajadores. Se valorará experiencia con Python y bases de datos. Valorable titulación universitaria.,analisis estadistico; python; sql
94,Técnico en mantenimiento,Alfonso Madrid Martín S.L.U.,Alicante,CINT-2334-PA,2021-06-28,2023-08-13,Búsqueda de Técnico en mantenimiento para tareas relacionadas con el área laboral. Atención y asesoramiento a empresas y trabajadores. Análisis de datos y elaboración de informes estadísticos. Capacidad de trabajo en equipo y comunicación. Se valorará experiencia con Python y bases de datos.,python; gestion documental; sql
95,Responsable de RRHH,Servicios Exposito S.L.L.,Vizcaya,CINT-1518-MX,2022-11-04,2022-11-05,Búsqueda de Responsable de RRHH para tareas relacionadas con el área laboral. Gestión de documentación sindical y contratos colectivos. Análisis de datos y elaboración de informes estadísticos. Se valorará experiencia con Python y bases de datos. Conocimientos de normativa laboral.,gestion documental; python; sql
96,Responsable de RRHH,Comas y Gimeno S.C.P,Salamanca,CINT-7947-MX,2025-05-07,2025-09-08,Búsqueda de Responsable de RRHH para tareas relacionadas con el área laboral. Supervisión de procesos y control de calidad de datos. Atención y asesoramiento a empresas y trabajadores. Se valorará experiencia con Python y bases de datos. Se requiere experiencia mínima de 2 años.,nlp; excel avanzado; sql
97,Ingeniero de software,Tecnologías Cuéllar S.L.N.E,Burgos,CINT-8687-MX,2018-09-25,2021-05-03,Búsqueda de Ingeniero de software para tareas relacionadas con el área laboral. Supervisión de procesos y control de calidad de datos. Atención y asesoramiento a empresas y trabajadores. Se valorará experiencia con Python y bases de datos. Capacidad de trabajo en equipo y comunicación.,nlp; sql; python
98,Economista,Hermanos Palomino S.L.,Ávila,CINT-2746-PA,2022-05-11,2022-12-13,Búsqueda de Economista para tareas relacionadas con el área laboral. Gestión de documentación sindical y contratos colectivos. Soporte técnico a plataformas digitales internas. Valorable titulación universitaria. Se requiere experiencia mínima de 2 años.,nlp; analisis estadistico; gestion documental
99,Ingeniero de software,Transportes Campos S.L.,Málaga,CINT-3719-PA,2023-01-29,2023-12-08,Búsqueda de Ingeniero de software para tareas relacionadas con el área laboral. Supervisión de procesos y control de calidad de datos. Análisis de datos y elaboración de informes estadísticos. Valorable titulación universitaria. Capacidad de trabajo en equipo y comunicación.,excel avanzado; gestion documental; nlp
100,Economista,Transportes Mascaró & Asociados S.L.,Melilla,CINT-3206-MX,2021-01-10,2025-02-23,Búsqueda de Economista para tareas relacionadas con el área laboral. Análisis de datos y elaboración de informes estadísticos. Supervisión de procesos y control de calidad de datos. Se valorará experiencia con Python y bases de datos. Se requiere experiencia mínima de 2 años.,python; analisis estadistico; nlp
101,Técnico de sistemas,Santamaría y Alcolea S.L.N.E,Ávila,CINT-7607-MX,2018-03-18,2023-01-13,Búsqueda de Técnico de sistemas para tareas relacionadas con el área laboral. Atención y asesoramiento a empresas y trabajadores. Soporte técnico a plataformas digitales internas. Se requiere experiencia mínima de 2 años. Se valorará experiencia con Python y bases de datos.,analisis estadistico; sql; gestion documental
102,Economista,Delia Tejada Plaza S.A.,Álava,CINT-2068-PA,2018-05-06,2024-11-03,Búsqueda de Economista para tareas relacionadas con el área laboral. Análisis de datos y elaboración de informes estadísticos. Supervisión de procesos y control de calidad de datos. Conocimientos de normativa laboral. Se valorará experiencia con Python y bases de datos.,gestion documental; python; sql
103,Técnico en mantenimiento,Hotel Globales S.A.T.,Murcia,CINT-5906-MX,2022-04-28,2024-10-25,Búsqueda de Técnico en mantenimiento para tareas relacionadas con el área laboral. Soporte técnico a plataformas digitales internas. Atención y asesoramiento a empresas y trabajadores. Se requiere experiencia mínima de 2 años. Capacidad de trabajo en equipo y comunicación.,sql; gestion documental; nlp
104,Inspector de trabajo,Inmobiliaria del Noroeste S.Coop.,Valencia,CINT-5743-PA,2018-02-28,2022-07-05,Búsqueda de Inspector de trabajo para tareas relacionadas con el área laboral. Atención y asesoramiento a empresas y trabajadores. Gestión de documentación sindical y contratos colectivos. Se valorará experiencia con Python y bases de datos. Se requiere experiencia mínima de 2 años.,excel avanzado; analisis estadistico; python
105,Técnico de calidad,Saturnina Vega Benavides S.L.,Las Palmas,CINT-3818-PA,2021-01-26,2025-07-10,Búsqueda de Técnico de calidad para tareas relacionadas con el área laboral. Análisis de datos y elaboración de informes estadísticos. Supervisión de procesos y control de calidad de datos. Valorable titulación universitaria. Se valorará experiencia con Python y bases de datos.,analisis estadistico; excel avanzado; python
106,Inspector de trabajo,Barón y Iniesta S.A.U,Jaén,CINT-4519-PA,2025-08-06,2025-09-27,Búsqueda de Inspector de trabajo para tareas relacionadas con el área laboral. Soporte técnico a plataformas digitales internas. Gestión de documentación sindical y contratos colectivos. Capacidad de trabajo en equipo y comunicación. Se requiere experiencia mínima de 2 años.,python; analisis estadistico; excel avanzado
107,Analista de datos,Benito Novoa Daza S.L.,Zamora,CINT-7534-MX,2019-12-10,2023-11-09,Búsqueda de Analista de datos para tareas relacionadas con el área laboral. Gestión de documentación sindical y contratos colectivos. Análisis de datos y elaboración de informes estadísticos. Valorable titulación universitaria. Se requiere experiencia mínima de 2 años.,python; analisis estadistico; gestion documental
108,Técnico de calidad,Hermanos Ferrero S.C.P,Pontevedra,CINT-7790-PA,2024-12-29,2025-09-11,Búsqueda de Técnico de calidad para tareas relacionadas con el área laboral. Soporte técnico a plataformas digitales internas. Análisis de datos y elaboración de informes estadísticos. Capacidad de trabajo en equipo y comunicación. Valorable titulación universitaria.,python; gestion documental; sql
109,Responsable de RRHH,Sarmiento y Santana S.Coop.,Soria,CINT-1240-MX,2020-10-04,2022-02-14,Búsqueda de Responsable de RRHH para tareas relacionadas con el área laboral. Soporte técnico a plataformas digitales internas. Análisis de datos y elaboración de informes estadísticos. Se requiere experiencia mínima de 2 años. Conocimientos de normativa laboral.,nlp; gestion documental; sql
110,Inspector de trabajo,Gracia y asociados S.A.,Zaragoza,CINT-2169-MX,2019-08-20,2021-01-10,Búsqueda de Inspector de trabajo para tareas relacionadas con el área laboral. Gestión de documentación sindical y contratos colectivos. Análisis de datos y elaboración de informes estadísticos. Capacidad de trabajo en equipo y comunicación. Valorable titulación universitaria.,excel avanzado; python; sql
111,Analista de datos,Medina y Mayoral S.L.,Castellón,CINT-5049-MX,2018-08-30,2020-12-10,Búsqueda de Analista de datos para tareas relacionadas con el área laboral. Gestión de documentación sindical y contratos colectivos. Análisis de datos y elaboración de informes estadísticos. Se requiere experiencia mínima de 2 años. Conocimientos de normativa laboral.,nlp; python; gestion documental
112,Abogado laboral,Dominga Niño Nieto S.L.N.E,Cádiz,CINT-4247-PA,2025-06-27,2025-07-12,Búsqueda de Abogado laboral para tareas relacionadas con el área laboral. Gestión de documentación sindical y contratos colectivos. Atención y asesoramiento a empresas y trabajadores. Se requiere experiencia mínima de 2 años. Se valorará experiencia con Python y bases de datos.,python; gestion documental; analisis estadistico
113,Abogado laboral,Desarrollo Páez S.Coop.,Murcia,CINT-5749-MX,2020-06-29,2022-04-16,Búsqueda de Abogado laboral para tareas relacionadas con el área laboral. Análisis de datos y elaboración de informes estadísticos. Gestión de documentación sindical y contratos colectivos. Conocimientos de normativa laboral. Valorable titulación universitaria.,gestion documental; sql; excel avanzado
114,Economista,Ana Belén Pinedo Casas S.A.,Alicante,CINT-8543-PA,2023-04-29,2023-11-29,Búsqueda de Economista para tareas relacionadas con el área laboral. Análisis de datos y elaboración de informes estadísticos. Atención y asesoramiento a empresas y trabajadores. Capacidad de trabajo en equipo y comunicación. Valorable titulación universitaria.,gestion documental; python; nlp
115,Técnico de calidad,Marqués y asociados S.L.N.E,Huelva,CINT-4541-PA,2019-08-31,2025-06-14,Búsqueda de Técnico de calidad para tareas relacionadas con el área laboral. Supervisión de procesos y control de calidad de datos. Atención y asesoramiento a empresas y trabajadores. Conocimientos de normativa laboral. Capacidad de trabajo en equipo y comunicación.,excel avanzado; sql; analisis estadistico
116,Responsable de RRHH,Grupo Caro S.Com.,Tarragona,CINT-8798-PA,2025-10-12,2025-12-06,Búsqueda de Responsable de RRHH para tareas relacionadas con el área laboral. Análisis de datos y elaboración de informes estadísticos. Gestión de documentación sindical y contratos colectivos. Se valorará experiencia con Python y bases de datos. Valorable titulación universitaria.,python; analisis estadistico; excel avanzado
117,Abogado laboral,Domínguez & Asociados S.Com.,Sevilla,CINT-8666-PA,2020-12-05,2024-10-04,Búsqueda de Abogado laboral para tareas relacionadas con el área laboral. Soporte técnico a plataformas digitales internas. Atención y asesoramiento a empresas y trabajadores. Se requiere experiencia mínima de 2 años. Se valorará experiencia con Python y bases de datos.,python; sql; excel avanzado
118,Técnico de sistemas,Distribuciones del Levante S.A.T.,Barcelona,CINT-1032-MX,2023-03-30,2024-10-25,Búsqueda de Técnico de sistemas para tareas relacionadas con el área laboral. Gestión de documentación sindical y contratos colectivos. Análisis de datos y elaboración de informes estadísticos. Se requiere experiencia mínima de 2 años. Capacidad de trabajo en equipo y comunicación.,gestion documental; python; excel avanzado
119,Abogado laboral,Inversiones Laguna y asociados S.Coop.,Cuenca,CINT-8911-MX,2022-01-04,2024-01-07,Búsqueda de Abogado laboral para tareas relacionadas con el área laboral. Análisis de datos y elaboración de informes estadísticos. Supervisión de procesos y control de calidad de datos. Conocimientos de normativa laboral. Valorable titulación universitaria.,nlp; python; gestion documental
120,Economista,Adelaida Acero Falcó S.A.U,Lugo,CINT-4448-PA,2020-01-31,2025-12-18,Búsqueda de Economista para tareas relacionadas con el área laboral. Análisis de datos y elaboración de informes estadísticos. Supervisión de procesos y control de calidad de datos. Conocimientos de normativa laboral. Valorable titulación universitaria.,excel avanzado; python; sql
121,Economista,Minería Integrales S.Coop.,Huesca,CINT-2060-PA,2022-04-02,2022-06-19,Búsqueda de Economista para tareas relacionadas con el área laboral. Atención y asesoramiento a empresas y trabajadores. Gestión de documentación sindical y contratos colectivos. Capacidad de trabajo en equipo y comunicación. Valorable titulación universitaria.,excel avanzado; nlp; sql
122,Gestor administrativo,Inversiones Osuna & Asociados S.A.D,Almería,CINT-9548-MX,2022-05-27,2024-11-24,Búsqueda de Gestor administrativo para tareas relacionadas con el área laboral. Gestión de documentación sindical y contratos colectivos. Atención y asesoramiento a empresas y trabajadores. Capacidad de trabajo en equipo y comunicación. Conocimientos de normativa laboral.,analisis estadistico; sql; nlp
123,Inspector de trabajo,Construcción Alvarado y asociados S.L.,Burgos,CINT-3599-PA,2023-07-01,2024-08-16,Búsqueda de Inspector de trabajo para tareas relacionadas con el área laboral. Gestión de documentación sindical y contratos colectivos. Atención y asesoramiento a empresas y trabajadores. Se requiere experiencia mínima de 2 años. Se valorará experiencia con Python y bases de datos.,python; analisis estadistico; nlp
124,Abogado laboral,Inmobiliaria Cánovas y asociados S.Coop.,Alicante,CINT-5767-PA,2023-08-04,2024-01-13,Búsqueda de Abogado laboral para tareas relacionadas con el área laboral. Gestión de documentación sindical y contratos colectivos. Análisis de datos y elaboración de informes estadísticos. Capacidad de trabajo en equipo y comunicación. Valorable titulación universitaria.,python; sql; nlp
125,Analista de datos,Barón y Barón S.L.,Córdoba,CINT-3198-PA,2020-12-17,2022-10-11,Búsqueda de Analista de datos para tareas relacionadas con el área laboral. Gestión de documentación sindical y contratos colectivos. Supervisión de procesos y control de calidad de datos. Conocimientos de normativa laboral. Se requiere experiencia mínima de 2 años.,excel avanzado; python; gestion documental
126,Gestor administrativo,Distribuciones UIV S.L.N.E,Burgos,CINT-5416-MX,2021-12-06,2025-04-08,Búsqueda de Gestor administrativo para tareas relacionadas con el área laboral. Soporte técnico a plataformas digitales internas. Supervisión de procesos y control de calidad de datos. Se valorará experiencia con Python y bases de datos. Se requiere experiencia mínima de 2 años.,nlp; gestion documental; sql
127,Técnico de sistemas,César Chamorro Iñiguez S.L.,Huesca,CINT-9401-MX,2019-08-15,2023-05-07,Búsqueda de Técnico de sistemas para tareas relacionadas con el área laboral. Gestión de documentación sindical y contratos colectivos. Atención y asesoramiento a empresas y trabajadores. Se requiere experiencia mínima de 2 años. Capacidad de trabajo en equipo y comunicación.,gestion documental; analisis estadistico; python
128,Técnico en mantenimiento,Compañía HVN S.Coop.,Cádiz,CINT-7548-MX,2023-04-10,2025-07-02,Búsqueda de Técnico en mantenimiento para tareas relacionadas con el área laboral. Supervisión de procesos y control de calidad de datos. Gestión de documentación sindical y contratos colectivos. Valorable titulación universitaria. Se valorará experiencia con Python y bases de datos.,python; sql; analisis estadistico
129,Inspector de trabajo,Canet & Asociados S.L.L.,Navarra,CINT-1665-MX,2020-12-20,2024-11-07,Búsqueda de Inspector de trabajo para tareas relacionadas con el área laboral. Análisis de datos y elaboración de informes estadísticos. Atención y asesoramiento a empresas y trabajadores. Se requiere experiencia mínima de 2 años. Se valorará experiencia con Python y bases de datos.,excel avanzado; sql; analisis estadistico
130,Ingeniero de software,Distribuciones del Sur S.L.,Alicante,CINT-3611-PA,2018-04-13,2021-05-04,Búsqueda de Ingeniero de software para tareas relacionadas con el área laboral. Atención y asesoramiento a empresas y trabajadores. Gestión de documentación sindical y contratos colectivos. Se requiere experiencia mínima de 2 años. Valorable titulación universitaria.,sql; nlp; python
131,Técnico de sistemas,Consultoría Rodrigo S.A.,Segovia,CINT-4627-MX,2018-06-17,2021-09-26,Búsqueda de Técnico de sistemas para tareas relacionadas con el área laboral. Gestión de documentación sindical y contratos colectivos. Atención y asesoramiento a empresas y trabajadores. Se valorará experiencia con Python y bases de datos. Valorable titulación universitaria.,analisis estadistico; nlp; python
132,Ingeniero de software,Distribuciones Molins & Asociados S.A.,Jaén,CINT-8917-MX,2025-02-02,2025-05-25,Búsqueda de Ingeniero de software para tareas relacionadas con el área laboral. Análisis de datos y elaboración de informes estadísticos. Gestión de documentación sindical y contratos colectivos. Valorable titulación universitaria. Se valorará experiencia con Python y bases de datos.,sql; gestion documental; nlp
133,Economista,Grupo Infante S.A.,Ourense,CINT-6578-MX,2025-11-09,2025-12-30,Búsqueda de Economista para tareas relacionadas con el área laboral. Análisis de datos y elaboración de informes estadísticos. Supervisión de procesos y control de calidad de datos. Conocimientos de normativa laboral. Se valorará experiencia con Python y bases de datos.,sql; python; analisis estadistico
134,Técnico de calidad,Solsona y Cabrera S.L.L.,Alicante,CINT-6913-PA,2020-01-28,2020-04-04,Búsqueda de Técnico de calidad para tareas relacionadas con el área laboral. Análisis de datos y elaboración de informes estadísticos. Soporte técnico a plataformas digitales internas. Capacidad de trabajo en equipo y comunicación. Valorable titulación universitaria.,sql; gestion documental; excel avanzado
135,Economista,Gelabert y asociados S.L.N.E,Santa Cruz de Tenerife,CINT-5886-MX,2018-12-27,2025-12-27,Búsqueda de Economista para tareas relacionadas con el área laboral. Gestión de documentación sindical y contratos colectivos. Supervisión de procesos y control de calidad de datos. Se valorará experiencia con Python y bases de datos. Capacidad de trabajo en equipo y comunicación.,nlp; sql; excel avanzado
136,Ingeniero de software,Servicios del Mediterráneo S.L.N.E,Sevilla,CINT-5100-MX,2019-06-05,2019-07-11,Búsqueda de Ingeniero de software para tareas relacionadas con el área laboral. Supervisión de procesos y control de calidad de datos. Gestión de documentación sindical y contratos colectivos. Capacidad de trabajo en equipo y comunicación. Se valorará experiencia con Python y bases de datos.,nlp; sql; python
137,Técnico de sistemas,Comercial González S.L.L.,Murcia,CINT-5597-PA,2023-01-02,2024-08-11,Búsqueda de Técnico de sistemas para tareas relacionadas con el área laboral. Supervisión de procesos y control de calidad de datos. Gestión de documentación sindical y contratos colectivos. Se requiere experiencia mínima de 2 años. Capacidad de trabajo en equipo y comunicación.,python; gestion documental; excel avanzado
138,Ingeniero de software,Almazán y asociados S.L.,Lleida,CINT-3904-MX,2022-10-15,2025-08-10,Búsqueda de Ingeniero de software para tareas relacionadas con el área laboral. Gestión de documentación sindical y contratos colectivos. Análisis de datos y elaboración de informes estadísticos. Se requiere experiencia mínima de 2 años. Se valorará experiencia con Python y bases de datos.,analisis estadistico; nlp; excel avanzado
139,Abogado laboral,Despacho WP S.L.U.,Las Palmas,CINT-5548-MX,2021-10-09,2022-01-16,Búsqueda de Abogado laboral para tareas relacionadas con el área laboral. Atención y asesoramiento a empresas y trabajadores. Soporte técnico a plataformas digitales internas. Se requiere experiencia mínima de 2 años. Se valorará experiencia con Python y bases de datos.,sql; python; nlp
140,Economista,Industrias Córdoba S.A.,Madrid,CINT-5409-MX,2020-09-08,2023-03-11,Búsqueda de Economista para tareas relacionadas con el área laboral. Supervisión de procesos y control de calidad de datos. Gestión de documentación sindical y contratos colectivos. Se requiere experiencia mínima de 2 años. Valorable titulación universitaria.,gestion documental; excel avanzado; sql
141,Responsable de RRHH,Compañía GPC S.L.,Zamora,CINT-5791-PA,2020-06-21,2021-01-13,Búsqueda de Responsable de RRHH para tareas relacionadas con el área laboral. Supervisión de procesos y control de calidad de datos. Análisis de datos y elaboración de informes estadísticos. Capacidad de trabajo en equipo y comunicación. Valorable titulación universitaria.,python; excel avanzado; sql
142,Técnico de calidad,Familia Haro S.L.N.E,Badajoz,CINT-2909-MX,2018-08-29,2024-07-12,Búsqueda de Técnico de calidad para tareas relacionadas con el área laboral. Atención y asesoramiento a empresas y trabajadores. Soporte técnico a plataformas digitales internas. Se valorará experiencia con Python y bases de datos. Capacidad de trabajo en equipo y comunicación.,sql; nlp; excel avanzado
143,Responsable de RRHH,Distribuciones CVQD S.L.N.E,Teruel,CINT-1788-PA,2021-07-10,2022-09-06,Búsqueda de Responsable de RRHH para tareas relacionadas con el área laboral. Gestión de documentación sindical y contratos colectivos. Análisis de datos y elaboración de informes estadísticos. Valorable titulación universitaria. Se requiere experiencia mínima de 2 años.,sql; python; analisis estadistico
144,Técnico de sistemas,Transportes OE S.A.,Ciudad,CINT-9374-PA,2018-07-05,2021-12-17,Búsqueda de Técnico de sistemas para tareas relacionadas con el área laboral. Soporte técnico a plataformas digitales internas. Gestión de documentación sindical y contratos colectivos. Se requiere experiencia mínima de 2 años. Capacidad de trabajo en equipo y comunicación.,gestion documental; python; nlp
145,Analista de datos,Cases y Bejarano S.A.T.,La Rioja,CINT-8119-PA,2019-09-21,2024-08-26,Búsqueda de Analista de datos para tareas relacionadas con el área laboral. Supervisión de procesos y control de calidad de datos. Atención y asesoramiento a empresas y trabajadores. Se requiere experiencia mínima de 2 años. Conocimientos de normativa laboral.,sql; excel avanzado; nlp
146,Inspector de trabajo,Consultoría Acedo & Asociados S.C.P,Guadalajara,CINT-5670-PA,2019-07-07,2022-02-28,Búsqueda de Inspector de trabajo para tareas relacionadas con el área laboral. Atención y asesoramiento a empresas y trabajadores. Gestión de documentación sindical y contratos colectivos. Capacidad de trabajo en equipo y comunicación. Se valorará experiencia con Python y bases de datos.,excel avanzado; sql; analisis estadistico
147,Ingeniero de software,Alejo Calleja Benito S.Com.,Guadalajara,CINT-3967-PA,2019-02-04,2019-12-02,Búsqueda de Ingeniero de software para tareas relacionadas con el área laboral. Atención y asesoramiento a empresas y trabajadores. Gestión de documentación sindical y contratos colectivos. Se requiere experiencia mínima de 2 años. Conocimientos de normativa laboral.,sql; gestion documental; nlp
148,Inspector de trabajo,Familia Fernández S.L.L.,Cantabria,CINT-1467-PA,2023-04-14,2024-07-28,Búsqueda de Inspector de trabajo para tareas relacionadas con el área laboral. Soporte técnico a plataformas digitales internas. Análisis de datos y elaboración de informes estadísticos. Valorable titulación universitaria. Se requiere experiencia mínima de 2 años.,nlp; sql; gestion documental
149,Técnico de sistemas,Hotel Calleja y asociados S.Coop.,Guadalajara,CINT-8906-PA,2022-04-28,2025-04-05,Búsqueda de Técnico de sistemas para tareas relacionadas con el área laboral. Gestión de documentación sindical y contratos colectivos. Atención y asesoramiento a empresas y trabajadores. Capacidad de trabajo en equipo y comunicación. Valorable titulación universitaria.,python; excel avanzado; nlp
150,Técnico de sistemas,Hnos Sala S.L.N.E,Almería,CINT-8530-MX,2020-09-27,2021-10-23,Búsqueda de Técnico de sistemas para tareas relacionadas con el área laboral. Gestión de documentación sindical y contratos colectivos. Soporte técnico a plataformas digitales internas. Conocimientos de normativa laboral. Se valorará experiencia con Python y bases de datos.,gestion documental; python; nlp
151,Ingeniero de software,Inversiones Ibérica S.Com.,Alicante,CINT-8019-PA,2024-06-19,2025-04-26,Búsqueda de Ingeniero de software para tareas relacionadas con el área laboral. Análisis de datos y elaboración de informes estadísticos. Gestión de documentación sindical y contratos colectivos. Se requiere experiencia mínima de 2 años. Capacidad de trabajo en equipo y comunicación.,sql; nlp; gestion documental
152,Economista,Infraestructuras Domingo S.L.,Salamanca,CINT-4605-MX,2024-10-29,2025-10-13,Búsqueda de Economista para tareas relacionadas con el área laboral. Atención y asesoramiento a empresas y trabajadores. Análisis de datos y elaboración de informes estadísticos. Se valorará experiencia con Python y bases de datos. Se requiere experiencia mínima de 2 años.,analisis estadistico; nlp; excel avanzado
153,Ingeniero de software,Banca Privada Española S.Com.,Guipúzcoa,CINT-7001-MX,2022-02-06,2023-08-18,Búsqueda de Ingeniero de software para tareas relacionadas con el área laboral. Soporte técnico a plataformas digitales internas. Supervisión de procesos y control de calidad de datos. Valorable titulación universitaria. Se valorará experiencia con Python y bases de datos.,excel avanzado; analisis estadistico; nlp
154,Gestor administrativo,Iñiguez y asociados S.Com.,La Coruña,CINT-3485-PA,2019-03-08,2019-09-10,Búsqueda de Gestor administrativo para tareas relacionadas con el área laboral. Soporte técnico a plataformas digitales internas. Atención y asesoramiento a empresas y trabajadores. Se valorará experiencia con Python y bases de datos. Se requiere experiencia mínima de 2 años.,sql; nlp; excel avanzado
155,Técnico de sistemas,Mayoral & Asociados S.L.N.E,Barcelona,CINT-5631-PA,2023-06-07,2024-01-16,Búsqueda de Técnico de sistemas para tareas relacionadas con el área laboral. Soporte técnico a plataformas digitales internas. Gestión de documentación sindical y contratos colectivos. Se valorará experiencia con Python y bases de datos. Se requiere experiencia mínima de 2 años.,sql; nlp; python
156,Inspector de trabajo,Soluciones CPL S.Com.,Baleares,CINT-1858-PA,2024-10-27,2025-12-13,Búsqueda de Inspector de trabajo para tareas relacionadas con el área laboral. Análisis de datos y elaboración de informes estadísticos. Soporte técnico a plataformas digitales internas. Capacidad de trabajo en equipo y comunicación. Se valorará experiencia con Python y bases de datos.,analisis estadistico; sql; excel avanzado
157,Gestor administrativo,Despacho del Norte S.L.N.E,Teruel,CINT-9833-MX,2021-08-24,2021-10-21,Búsqueda de Gestor administrativo para tareas relacionadas con el área laboral. Análisis de datos y elaboración de informes estadísticos. Gestión de documentación sindical y contratos colectivos. Capacidad de trabajo en equipo y comunicación. Se valorará experiencia con Python y bases de datos.,nlp; python; analisis estadistico
158,Responsable de RRHH,Somoza y Reguera S.L.,Asturias,CINT-5516-PA,2023-12-04,2025-09-27,Búsqueda de Responsable de RRHH para tareas relacionadas con el área laboral. Atención y asesoramiento a empresas y trabajadores. Gestión de documentación sindical y contratos colectivos. Se valorará experiencia con Python y bases de datos. Se requiere experiencia mínima de 2 años.,nlp; sql; python
159,Economista,Familia Vizcaíno S.Coop.,Madrid,CINT-8648-PA,2024-04-08,2025-12-26,Búsqueda de Economista para tareas relacionadas con el área laboral. Supervisión de procesos y control de calidad de datos. Gestión de documentación sindical y contratos colectivos. Valorable titulación universitaria. Se requiere experiencia mínima de 2 años.,sql; python; gestion documental
160,Abogado laboral,Soluciones Ibérica S.L.,Sevilla,CINT-3687-PA,2018-11-14,2020-12-22,Búsqueda de Abogado laboral para tareas relacionadas con el área laboral. Atención y asesoramiento a empresas y trabajadores. Gestión de documentación sindical y contratos colectivos. Se valorará experiencia con Python y bases de datos. Capacidad de trabajo en equipo y comunicación.,gestion documental; nlp; python
161,Economista,Leiva y Riba S.L.L.,Lleida,CINT-7205-PA,2023-06-23,2023-09-25,Búsqueda de Economista para tareas relacionadas con el área laboral. Soporte técnico a plataformas digitales internas. Atención y asesoramiento a empresas y trabajadores. Se requiere experiencia mínima de 2 años. Valorable titulación universitaria.,gestion documental; python; sql
162,Economista,Fábrica Iberia S.L.L.,Cantabria,CINT-5723-PA,2022-02-01,2023-12-27,Búsqueda de Economista para tareas relacionadas con el área laboral. Análisis de datos y elaboración de informes estadísticos. Supervisión de procesos y control de calidad de datos. Conocimientos de normativa laboral. Valorable titulación universitaria.,analisis estadistico; nlp; gestion documental
163,Técnico de sistemas,Raimundo Navarrete Torrent S.A.,Málaga,CINT-9969-MX,2024-01-23,2024-06-18,Búsqueda de Técnico de sistemas para tareas relacionadas con el área laboral. Supervisión de procesos y control de calidad de datos. Atención y asesoramiento a empresas y trabajadores. Conocimientos de normativa laboral. Se valorará experiencia con Python y bases de datos.,python; sql; gestion documental
164,Gestor administrativo,Felipa Vazquez Toro S.A.,Barcelona,CINT-4913-MX,2021-08-05,2023-04-05,Búsqueda de Gestor administrativo para tareas relacionadas con el área laboral. Gestión de documentación sindical y contratos colectivos. Supervisión de procesos y control de calidad de datos. Valorable titulación universitaria. Capacidad de trabajo en equipo y comunicación.,analisis estadistico; sql; python
165,Responsable de RRHH,Anunciación Lucena Royo S.L.L.,Barcelona,CINT-5133-MX,2021-02-07,2023-10-15,Búsqueda de Responsable de RRHH para tareas relacionadas con el área laboral. Gestión de documentación sindical y contratos colectivos. Soporte técnico a plataformas digitales internas. Se requiere experiencia mínima de 2 años. Conocimientos de normativa laboral.,excel avanzado; analisis estadistico; gestion documental
166,Ingeniero de software,Familia Castelló S.L.,Cáceres,CINT-3785-MX,2022-04-05,2024-12-31,Búsqueda de Ingeniero de software para tareas relacionadas con el área laboral. Supervisión de procesos y control de calidad de datos. Gestión de documentación sindical y contratos colectivos. Capacidad de trabajo en equipo y comunicación. Conocimientos de normativa laboral.,sql; python; gestion documental
167,Técnico en mantenimiento,Felipe Alcalá Sacristán S.Coop.,Palencia,CINT-3821-MX,2023-12-30,2024-03-05,Búsqueda de Técnico en mantenimiento para tareas relacionadas con el área laboral. Atención y asesoramiento a empresas y trabajadores. Supervisión de procesos y control de calidad de datos. Conocimientos de normativa laboral. Capacidad de trabajo en equipo y comunicación.,gestion documental; excel avanzado; analisis estadistico
168,Ingeniero de software,Industrias Porras & Asociados S.Com.,Ciudad,CINT-5374-MX,2020-08-07,2021-04-07,Búsqueda de Ingeniero de software para tareas relacionadas con el área laboral. Supervisión de procesos y control de calidad de datos. Soporte técnico a plataformas digitales internas. Se requiere experiencia mínima de 2 años. Se valorará experiencia con Python y bases de datos.,gestion documental; analisis estadistico; nlp
169,Técnico de calidad,Banco IML S.A.,Zamora,CINT-6817-PA,2020-04-04,2024-07-27,Búsqueda de Técnico de calidad para tareas relacionadas con el área laboral. Supervisión de procesos y control de calidad de datos. Gestión de documentación sindical y contratos colectivos. Se valorará experiencia con Python y bases de datos. Se requiere experiencia mínima de 2 años.,python; excel avanzado; sql
170,Inspector de trabajo,Sanjuan y asociados S.A.,Asturias,CINT-9385-MX,2025-10-06,2025-11-12,Búsqueda de Inspector de trabajo para tareas relacionadas con el área laboral. Análisis de datos y elaboración de informes estadísticos. Soporte técnico a plataformas digitales internas. Conocimientos de normativa laboral. Se valorará experiencia con Python y bases de datos.,sql; nlp; excel avanzado
171,Abogado laboral,Banca Privada KFGA S.L.U.,Zamora,CINT-6071-PA,2018-08-29,2024-09-21,Búsqueda de Abogado laboral para tareas relacionadas con el área laboral. Análisis de datos y elaboración de informes estadísticos. Soporte técnico a plataformas digitales internas. Se requiere experiencia mínima de 2 años. Conocimientos de normativa laboral.,sql; analisis estadistico; python
172,Responsable de RRHH,Grupo Cabañas S.L.N.E,Madrid,CINT-9850-PA,2025-05-20,2025-11-06,Búsqueda de Responsable de RRHH para tareas relacionadas con el área laboral. Análisis de datos y elaboración de informes estadísticos. Gestión de documentación sindical y contratos colectivos. Capacidad de trabajo en equipo y comunicación. Valorable titulación universitaria.,python; analisis estadistico; excel avanzado
173,Ingeniero de software,Valerio Llopis Cañellas S.C.P,Las Palmas,CINT-2421-PA,2024-09-27,2025-01-06,Búsqueda de Ingeniero de software para tareas relacionadas con el área laboral. Gestión de documentación sindical y contratos colectivos. Atención y asesoramiento a empresas y trabajadores. Valorable titulación universitaria. Se valorará experiencia con Python y bases de datos.,excel avanzado; analisis estadistico; python
174,Ingeniero de software,León y Torrecilla S.Com.,Badajoz,CINT-2884-MX,2025-06-11,2025-07-15,Búsqueda de Ingeniero de software para tareas relacionadas con el área laboral. Soporte técnico a plataformas digitales internas. Gestión de documentación sindical y contratos colectivos. Valorable titulación universitaria. Se valorará experiencia con Python y bases de datos.,sql; gestion documental; nlp
175,Técnico de calidad,Alimentación Iberia S.A.,Baleares,CINT-5144-PA,2020-04-07,2022-12-11,Búsqueda de Técnico de calidad para tareas relacionadas con el área laboral. Atención y asesoramiento a empresas y trabajadores. Soporte técnico a plataformas digitales internas. Se valorará experiencia con Python y bases de datos. Capacidad de trabajo en equipo y comunicación.,analisis estadistico; excel avanzado; sql
176,Gestor administrativo,Carpio y Aliaga S.L.N.E,Almería,CINT-5578-MX,2021-11-14,2025-05-08,Búsqueda de Gestor administrativo para tareas relacionadas con el área laboral. Soporte técnico a plataformas digitales internas. Supervisión de procesos y control de calidad de datos. Conocimientos de normativa laboral. Se requiere experiencia mínima de 2 años.,excel avanzado; nlp; sql
177,Técnico en mantenimiento,Instalaciones Elorza y asociados S.L.,Badajoz,CINT-1540-MX,2019-01-18,2024-12-24,Búsqueda de Técnico en mantenimiento para tareas relacionadas con el área laboral. Análisis de datos y elaboración de informes estadísticos. Supervisión de procesos y control de calidad de datos. Se requiere experiencia mínima de 2 años. Valorable titulación universitaria.,python; nlp; analisis estadistico
178,Economista,Banco Chacón S.Coop.,Zaragoza,CINT-7428-PA,2021-02-19,2023-01-29,Búsqueda de Economista para tareas relacionadas con el área laboral. Atención y asesoramiento a empresas y trabajadores. Supervisión de procesos y control de calidad de datos. Conocimientos de normativa laboral. Capacidad de trabajo en equipo y comunicación.,gestion documental; analisis estadistico; python
179,Analista de datos,Hermanos Castejón S.A.U,Asturias,CINT-2838-PA,2023-09-13,2025-06-28,Búsqueda de Analista de datos para tareas relacionadas con el área laboral. Gestión de documentación sindical y contratos colectivos. Análisis de datos y elaboración de informes estadísticos. Capacidad de trabajo en equipo y comunicación. Se valorará experiencia con Python y bases de datos.,python; nlp; sql
180,Técnico de sistemas,Arroyo & Asociados S.L.N.E,La Coruña,CINT-4311-MX,2020-01-16,2024-11-13,Búsqueda de Técnico de sistemas para tareas relacionadas con el área laboral. Análisis de datos y elaboración de informes estadísticos. Soporte técnico a plataformas digitales internas. Se requiere experiencia mínima de 2 años. Se valorará experiencia con Python y bases de datos.,excel avanzado; analisis estadistico; nlp
181,Economista,Santiago y Donoso S.Coop.,Navarra,CINT-1108-PA,2018-10-19,2024-10-11,Búsqueda de Economista para tareas relacionadas con el área laboral. Análisis de datos y elaboración de informes estadísticos. Gestión de documentación sindical y contratos colectivos. Valorable titulación universitaria. Conocimientos de normativa laboral.,excel avanzado; nlp; analisis estadistico
182,Técnico en mantenimiento,Hermanos Sacristán S.L.,Córdoba,CINT-6058-MX,2024-12-01,2025-01-30,Búsqueda de Técnico en mantenimiento para tareas relacionadas con el área laboral. Atención y asesoramiento a empresas y trabajadores. Análisis de datos y elaboración de informes estadísticos. Se valorará experiencia con Python y bases de datos. Conocimientos de normativa laboral.,excel avanzado; nlp; sql
183,Economista,Óscar Cárdenas Tomé S.L.N.E,Castellón,CINT-9351-PA,2021-10-24,2023-03-11,Búsqueda de Economista para tareas relacionadas con el área laboral. Soporte técnico a plataformas digitales internas. Supervisión de procesos y control de calidad de datos. Se requiere experiencia mínima de 2 años. Valorable titulación universitaria.,gestion documental; nlp; analisis estadistico
184,Técnico de calidad,Fábrica Lillo S.L.N.E,Zamora,CINT-2839-PA,2025-08-16,2025-11-14,Búsqueda de Técnico de calidad para tareas relacionadas con el área laboral. Análisis de datos y elaboración de informes estadísticos. Atención y asesoramiento a empresas y trabajadores. Capacidad de trabajo en equipo y comunicación. Se requiere experiencia mínima de 2 años.,python; nlp; gestion documental
185,Ingeniero de software,Manufacturas Avanzadas S.L.,Pontevedra,CINT-8674-PA,2023-03-03,2024-07-25,Búsqueda de Ingeniero de software para tareas relacionadas con el área laboral. Supervisión de procesos y control de calidad de datos. Soporte técnico a plataformas digitales internas. Conocimientos de normativa laboral. Capacidad de trabajo en equipo y comunicación.,sql; python; gestion documental
186,Economista,Sarmiento y asociados S.Coop.,Zaragoza,CINT-4192-MX,2022-10-10,2023-10-26,Búsqueda de Economista para tareas relacionadas con el área laboral. Supervisión de procesos y control de calidad de datos. Soporte técnico a plataformas digitales internas. Capacidad de trabajo en equipo y comunicación. Se requiere experiencia mínima de 2 años.,excel avanzado; python; gestion documental
187,Gestor administrativo,Alimentación Rivera y asociados S.Coop.,Cuenca,CINT-9304-MX,2024-07-23,2025-04-20,Búsqueda de Gestor administrativo para tareas relacionadas con el área laboral. Soporte técnico a plataformas digitales internas. Análisis de datos y elaboración de informes estadísticos. Capacidad de trabajo en equipo y comunicación. Conocimientos de normativa laboral.,analisis estadistico; excel avanzado; gestion documental
188,Gestor administrativo,Odalys Camps Frutos S.L.,Badajoz,CINT-1634-MX,2022-07-14,2023-09-02,Búsqueda de Gestor administrativo para tareas relacionadas con el área laboral. Atención y asesoramiento a empresas y trabajadores. Gestión de documentación sindical y contratos colectivos. Conocimientos de normativa laboral. Se valorará experiencia con Python y bases de datos.,sql; gestion documental; nlp
189,Responsable de RRHH,Despacho Cánovas y asociados S.L.,Castellón,CINT-4908-PA,2023-11-07,2025-09-07,Búsqueda de Responsable de RRHH para tareas relacionadas con el área laboral. Análisis de datos y elaboración de informes estadísticos. Supervisión de procesos y control de calidad de datos. Capacidad de trabajo en equipo y comunicación. Conocimientos de normativa laboral.,sql; python; gestion documental
190,Gestor administrativo,Soluciones Peralta S.A.,Asturias,CINT-7008-PA,2021-04-09,2022-03-21,Búsqueda de Gestor administrativo para tareas relacionadas con el área laboral. Atención y asesoramiento a empresas y trabajadores. Soporte técnico a plataformas digitales internas. Valorable titulación universitaria. Capacidad de trabajo en equipo y comunicación.,nlp; excel avanzado; python
191,Analista de datos,Cabeza y asociados S.L.,Ávila,CINT-6790-MX,2021-10-22,2024-07-27,Búsqueda de Analista de datos para tareas relacionadas con el área laboral. Análisis de datos y elaboración de informes estadísticos. Atención y asesoramiento a empresas y trabajadores. Capacidad de trabajo en equipo y comunicación. Se valorará experiencia con Python y bases de datos.,nlp; sql; analisis estadistico
192,Técnico de sistemas,Alimentación BZ S.A.,Huelva,CINT-7985-PA,2020-01-29,2021-11-25,Búsqueda de Técnico de sistemas para tareas relacionadas con el área laboral. Supervisión de procesos y control de calidad de datos. Soporte técnico a plataformas digitales internas. Capacidad de trabajo en equipo y comunicación. Se requiere experiencia mínima de 2 años.,sql; analisis estadistico; nlp
193,Economista,Eliseo Ayuso Clavero S.Com.,Cáceres,CINT-4142-MX,2025-11-24,2025-12-08,Búsqueda de Economista para tareas relacionadas con el área laboral. Soporte técnico a plataformas digitales internas. Gestión de documentación sindical y contratos colectivos. Conocimientos de normativa laboral. Se requiere experiencia mínima de 2 años.,python; nlp; excel avanzado
194,Economista,Maricruz Peinado Canales S.L.N.E,Pontevedra,CINT-4124-MX,2020-04-12,2024-06-04,Búsqueda de Economista para tareas relacionadas con el área laboral. Gestión de documentación sindical y contratos colectivos. Soporte técnico a plataformas digitales internas. Conocimientos de normativa laboral. Capacidad de trabajo en equipo y comunicación.,python; analisis estadistico; gestion documental
195,Ingeniero de software,Consultoría Campos S.L.,Huelva,CINT-3334-MX,2019-03-05,2022-01-31,Búsqueda de Ingeniero de software para tareas relacionadas con el área laboral. Soporte técnico a plataformas digitales internas. Supervisión de procesos y control de calidad de datos. Se requiere experiencia mínima de 2 años. Valorable titulación universitaria.,gestion documental; analisis estadistico; sql
196,Ingeniero de software,Comercial Iberia S.Com.,Huesca,CINT-7595-MX,2024-12-13,2025-05-07,Búsqueda de Ingeniero de software para tareas relacionadas con el área laboral. Atención y asesoramiento a empresas y trabajadores. Soporte técnico a plataformas digitales internas. Valorable titulación universitaria. Conocimientos de normativa laboral.,sql; python; excel avanzado
197,Analista de datos,Hermanos Águila S.Com.,Granada,CINT-3268-PA,2025-01-03,2025-09-13,Búsqueda de Analista de datos para tareas relacionadas con el área laboral. Atención y asesoramiento a empresas y trabajadores. Gestión de documentación sindical y contratos colectivos. Valorable titulación universitaria. Conocimientos de normativa laboral.,sql; python; analisis estadistico
198,Técnico de calidad,Valverde y Arcos S.L.U.,Zaragoza,CINT-8375-PA,2025-01-14,2025-03-02,Búsqueda de Técnico de calidad para tareas relacionadas con el área laboral. Supervisión de procesos y control de calidad de datos. Atención y asesoramiento a empresas y trabajadores. Conocimientos de normativa laboral. Se requiere experiencia mínima de 2 años.,excel avanzado; analisis estadistico; python
199,Responsable de RRHH,Barragán y Juárez S.Com.,Girona,CINT-2244-PA,2022-01-11,2024-11-09,Búsqueda de Responsable de RRHH para tareas relacionadas con el área laboral. Soporte técnico a plataformas digitales internas. Gestión de documentación sindical y contratos colectivos. Valorable titulación universitaria. Conocimientos de normativa laboral.,sql; gestion documental; analisis estadistico
200,Técnico de calidad,Hnos Lastra S.A.U,Asturias,CINT-6623-PA,2023-09-04,2025-12-17,Búsqueda de Técnico de calidad para tareas relacionadas con el área laboral. Gestión de documentación sindical y contratos colectivos. Análisis de datos y elaboración de informes estadísticos. Valorable titulación universitaria. Conocimientos de normativa laboral.,python; nlp; gestion documental
